CHROM	POS	TYPE	IMPACT	GENE	CHANGEDNA	CHANGEPEP	REF	ALT	AA_CHANGE_POS	DOMAIN	DOMAIN_ACC	DOMAIN_START	DOMAIN_END	DOMAIN_MUT_START	DOMAIN_MUT_END
Chr3_A_fumigatus_Af293	2648277	frameshift_variant	HIGH	Afu3g10240	1251dupT	Leu418fs	G	[GA]	418						
Chr3_A_fumigatus_Af293	2744745	frameshift_variant	HIGH	Afu3g10610	2626delG	Asp876fs	TG	[T]	876						
Chr3_A_fumigatus_Af293	3444801	frameshift_variant	HIGH	Afu3g12960	1142delA	Lys381fs	CT	[C]	381	0054912	SSF48264	100	537	282	283
Chr3_A_fumigatus_Af293	3444801	frameshift_variant	HIGH	Afu3g12960	1142delA	Lys381fs	CT	[C]	381	p450	PF00067	107	513	275	276
Chr3_A_fumigatus_Af293	3894556	frameshift_variant	HIGH	Afu3g14680	1313_1314dupCC	Tyr439fs	G	[GCC]	439	pla2_6	SM00022	20	581	420	421
Chr3_A_fumigatus_Af293	3894556	frameshift_variant	HIGH	Afu3g14680	1313_1314dupCC	Tyr439fs	G	[GCC]	439	0048659	SSF52151	47	561	393	394
Chr3_A_fumigatus_Af293	3894556	frameshift_variant	HIGH	Afu3g14680	1313_1314dupCC	Tyr439fs	G	[GCC]	439	PLA2_B	PF01735	102	587	338	339
Chr3_A_fumigatus_Af293	3894556	frameshift_variant	HIGH	Afu3g14680	1313_1314dupCC	Tyr439fs	G	[GCC]	439	PLA2C	PS51210	39	587	401	402
Chr5_A_fumigatus_Af293	1671539	frameshift_variant	HIGH	Afu5g06790	56_63delTCTCTCTC	Leu19fs	GTCTCTCTC	[G]	19						
Chr5_A_fumigatus_Af293	2132142	frameshift_variant	HIGH	Afu5g08390	1380delC	Thr461fs	TG	[T, TGG]	461						
Chr5_A_fumigatus_Af293	3309474	frameshift_variant	HIGH	Afu5g12720	2830delC	His944fs	TG	[T]	944						
Chr6_A_fumigatus_Af293	892899	frameshift_variant	HIGH	Afu6g03990	2546delC	Pro849fs	AC	[A]	849						
Chr6_A_fumigatus_Af293	1408545	synonymous_variant	LOW	Afu6g06520	693G>C	Ser231Ser	C	[G]	231						
Chr6_A_fumigatus_Af293	3432672	frameshift_variant	HIGH	Afu6g13490	844delC	Arg282fs	CG	[C]	282	Pyridoxal_deC	PF00282	54	399	229	230
Chr6_A_fumigatus_Af293	3432672	frameshift_variant	HIGH	Afu6g13490	844delC	Arg282fs	CG	[C]	282	0054823	SSF53383	28	466	255	256
Chr6_A_fumigatus_Af293	3432672	frameshift_variant	HIGH	Afu6g13490	844delC	Arg282fs	CG	[C]	282	TIGR01788	TIGR01788	38	465	245	246
Chr7_A_fumigatus_Af293	894380	missense_variant	MODERATE	Afu7g03980	527T>A	Leu176Gln	T	[A]	176						
Chr7_A_fumigatus_Af293	1264253	frameshift_variant	HIGH	Afu7g05300	344dupT	Pro117fs	G	[GT]	117						
Chr1_A_fumigatus_Af293	856505	conservative_inframe_deletion	MODERATE	Afu1g02985	172_183delGCAAGCACAAGC	Ala58_Ser61del	GAGCACAAGCGCA	[G]	58						
Chr1_A_fumigatus_Af293	3155697	frameshift_variant	HIGH	Afu1g11950	898delC	Gln300fs	TC	[T]	300						
Chr2_A_fumigatus_Af293	278165	frameshift_variant	HIGH	Afu2g01190	721delG	Asp241fs	TC	[T]	241						
Chr2_A_fumigatus_Af293	348382	conservative_inframe_deletion	MODERATE	Afu2g01450	397_411delCACGAGCTTATCTCG	His133_Ser137del	CCGCACGAGCTTATCT	[C]	133	Anp1	PF03452	87	352	47	48
Chr2_A_fumigatus_Af293	1178444	frameshift_variant	HIGH	Afu2g04262	73delA	Thr25fs	GA	[G]	25						
Chr2_A_fumigatus_Af293	2719959	frameshift_variant	HIGH	Afu2g10620	1397delG	Gly466fs	GC	[G]	466	PROTEIN_KINASE_DOM	PS50011	294	551	173	174
Chr2_A_fumigatus_Af293	2719959	frameshift_variant	HIGH	Afu2g10620	1397delG	Gly466fs	GC	[G]	466	Pkinase	PF00069	295	551	172	173
Chr2_A_fumigatus_Af293	2719959	frameshift_variant	HIGH	Afu2g10620	1397delG	Gly466fs	GC	[G]	466	0054833	SSF56112	291	617	176	177
Chr2_A_fumigatus_Af293	2719959	frameshift_variant	HIGH	Afu2g10620	1397delG	Gly466fs	GC	[G]	466	serkin_6	SM00220	294	551	173	174
Chr2_A_fumigatus_Af293	3258709	disruptive_inframe_deletion	MODERATE	Afu2g12680	44_46delCTC	Pro15del	AGAG	[A]	15						
Chr2_A_fumigatus_Af293	3523340	frameshift_variant	HIGH	Afu2g13540	1314_1323delCCCCGCCTTC	Ser438fs	GCCCCGCCTTC	[G]	438						
Chr2_A_fumigatus_Af293	3523350	conservative_inframe_insertion	MODERATE	Afu2g13540	1323_1324insAAAAGACGGAGA	Phe441_Asp442insLysArgArgArg	C	[CAAAAGACGGAGA]	441						
Chr2_A_fumigatus_Af293	3523352	frameshift_variant	HIGH	Afu2g13540	1326_1327delTC	Pro443fs	ATC	[A]	443						
Chr2_A_fumigatus_Af293	4707908	frameshift_variant	HIGH	Afu2g17650	1194dupC	Ser399fs	A	[AG]	399	TRP	PF06011	169	589	231	232
Chr2_A_fumigatus_Af293	4707912	frameshift_variant	HIGH	Afu2g17650	1190delC	Pro397fs	AG	[A]	397	TRP	PF06011	169	589	229	230
Chr4_A_fumigatus_Af293	1806099	frameshift_variant	HIGH	Afu4g06980	1800delC	Thr601fs	TG	[T]	601						
Chr4_A_fumigatus_Af293	2200371	frameshift_variant	HIGH	Afu4g08500	1715_1716dupTG	Val573fs	G	[GGT]	573	kow_9	SM00739	550	578	24	25
Chr4_A_fumigatus_Af293	2200371	frameshift_variant	HIGH	Afu4g08500	1715_1716dupTG	Val573fs	G	[GGT]	573	0054789	SSF50104	542	602	32	33
Chr4_A_fumigatus_Af293	2200371	frameshift_variant	HIGH	Afu4g08500	1715_1716dupTG	Val573fs	G	[GGT]	573	nan	PIRSF036945	10	1057	564	565
Chr4_A_fumigatus_Af293	3657370	frameshift_variant	HIGH	Afu4g14020	291delT	Pro98fs	GA	[G]	98						
Chr4_A_fumigatus_Af293	3852769	frameshift_variant	HIGH	Afu4g14600	956_957delCA	Pro319fs	TTG	[T]	319	0054103	SSF53067	166	337	154	155
Chr4_A_fumigatus_Af293	3852769	frameshift_variant	HIGH	Afu4g14600	956_957delCA	Pro319fs	TTG	[T]	319	UPF0075	PF03702	20	385	300	301
